{
  "id": "fu-parser",
  "title": "Fabula Ultima PDF Parser",
  "description": "Parse the Fabula Ultima pdf for importing.",
  "authors": [
    {
      "name": "xeqi"
    }
  ],
  "version": "1.0.0",
  "compatibility": {
    "minimum": "10",
    "verified": "12"
  },
  "relationships": {
    "systems": [
      {
        "id": "projectfu",
        "type": "system",
        "manifest": "https://github.com/League-of-Fabulous-Developers/FoundryVTT-Fabula-Ultima/releases/latest/download/system.json",
        "compatibility": {
          "verified": "2.1.0"
        }
      }
    ]
  },
  "esmodules": [
    "main.js"
  ],
  "styles": [
    "style.css"
  ],
  "url": "https://github.com/WanderlanLima/fu-parser",
  "manifest": "https://raw.githubusercontent.com/WanderlanLima/fu-parser/main/module.json",
  "download": "https://github.com/WanderlanLima/fu-parser/releases/download/v1.0.0/module.zip"
}